Date,High,Low,Open,Close,Volume,AdjClose
2019-01-30,25.07900047302246,24.809999465942383,24.860000610351562,25.072999954223633,2300.0,25.029508590698242
2019-01-31,25.399999618530273,25.25,25.25,25.391000747680664,8000.0,25.34695816040039
2019-02-01,25.489999771118164,25.399999618530273,25.440000534057617,25.423999786376953,4500.0,25.379899978637695
2019-02-04,25.479999542236328,25.434999465942383,25.434999465942383,25.4689998626709,900.0,25.424821853637695
2019-02-05,25.68000030517578,25.549999237060547,25.549999237060547,25.649999618530273,3400.0,25.60550880432129
2019-02-06,25.40399932861328,25.299999237060547,25.40399932861328,25.322999954223633,7600.0,25.279075622558594
2019-02-07,25.010000228881836,24.780000686645508,25.0,24.871999740600586,4700.0,24.828857421875
2019-02-08,24.767000198364258,24.732999801635742,24.732999801635742,24.767000198364258,300.0,24.724040985107422
2019-02-11,24.969999313354492,24.89900016784668,24.934999465942383,24.89900016784668,700.0,24.855812072753906
2019-02-12,25.290000915527344,25.209999084472656,25.209999084472656,25.290000915527344,2300.0,25.24613380432129
2019-02-13,25.420000076293945,25.2549991607666,25.420000076293945,25.274999618530273,800.0,25.231159210205078
2019-02-14,25.216999053955078,25.100000381469727,25.100000381469727,25.216999053955078,1400.0,25.173259735107422
2019-02-15,25.295000076293945,25.209999084472656,25.209999084472656,25.295000076293945,500.0,25.25112533569336
2019-02-19,25.600000381469727,25.479999542236328,25.5049991607666,25.52899932861328,6100.0,25.484718322753906
2019-02-20,25.90999984741211,25.756999969482422,25.756999969482422,25.799999237060547,8500.0,25.755247116088867
2019-02-21,25.979999542236328,25.68000030517578,25.979999542236328,25.715999603271484,1700.0,25.67139434814453
2019-02-22,26.448999404907227,26.187999725341797,26.209999084472656,26.447999954223633,3400.0,26.402124404907227
2019-02-25,27.030000686645508,26.899999618530273,27.030000686645508,26.940000534057617,5700.0,26.893272399902344
2019-02-26,27.399999618530273,27.059999465942383,27.059999465942383,27.329999923706055,6800.0,27.282594680786133
2019-02-27,27.389999389648438,27.219999313354492,27.219999313354492,27.270000457763672,4500.0,27.222698211669922
2019-02-28,27.459999084472656,27.389999389648438,27.40999984741211,27.4060001373291,5100.0,27.358463287353516
2019-03-01,27.836000442504883,27.639999389648438,27.639999389648438,27.660999298095703,2700.0,27.613019943237305
2019-03-04,28.079999923706055,27.790000915527344,28.0,27.92099952697754,4400.0,27.872568130493164
2019-03-05,28.40999984741211,28.065000534057617,28.065000534057617,28.270000457763672,10700.0,28.220964431762695
2019-03-06,28.360000610351562,28.05500030517578,28.360000610351562,28.06399917602539,3500.0,28.01531982421875
2019-03-07,27.760000228881836,27.365999221801758,27.760000228881836,27.365999221801758,2700.0,27.318531036376953
2019-03-08,27.034000396728516,26.670000076293945,26.790000915527344,27.034000396728516,3800.0,26.98710823059082
2019-03-11,27.489999771118164,27.389999389648438,27.420000076293945,27.472000122070312,2100.0,27.424348831176758
2019-03-12,27.3700008392334,27.31599998474121,27.31599998474121,27.325000762939453,1500.0,27.277603149414062
2019-03-13,27.29800033569336,27.257999420166016,27.290000915527344,27.29800033569336,1800.0,27.25065040588379
2019-03-14,27.260000228881836,27.149999618530273,27.260000228881836,27.190000534057617,1100.0,27.142837524414062
2019-03-15,27.430999755859375,27.354999542236328,27.354999542236328,27.41900062561035,700.0,27.371440887451172
2019-03-18,27.719999313354492,27.594999313354492,27.6200008392334,27.69499969482422,6000.0,27.646961212158203
2019-03-19,27.489999771118164,27.447999954223633,27.48900032043457,27.447999954223633,500.0,27.400390625
2019-03-20,27.4689998626709,27.219999313354492,27.440000534057617,27.4689998626709,1100.0,27.421354293823242
2019-03-21,27.511999130249023,27.219999313354492,27.219999313354492,27.511999130249023,4200.0,27.464277267456055
2019-03-22,27.25,26.792999267578125,27.25,26.792999267578125,2200.0,26.746524810791016
2019-03-25,26.75,26.732999801635742,26.75,26.732999801635742,200.0,26.686630249023438
2019-03-26,26.964000701904297,26.93000030517578,26.93000030517578,26.964000701904297,200.0,26.9172306060791
2019-03-27,27.128000259399414,26.94099998474121,27.128000259399414,26.94099998474121,400.0,26.894269943237305
2019-03-28,27.155000686645508,27.0,27.0,27.155000686645508,200.0,27.107898712158203
2019-03-29,27.339000701904297,27.336999893188477,27.339000701904297,27.336999893188477,100.0,27.289583206176758
2019-04-01,27.649999618530273,27.575000762939453,27.575000762939453,27.631000518798828,2700.0,27.583072662353516
2019-04-02,27.28499984741211,27.222000122070312,27.28499984741211,27.222000122070312,300.0,27.174781799316406
2019-04-03,27.610000610351562,27.461000442504883,27.610000610351562,27.461000442504883,1400.0,27.413368225097656
2019-04-04,27.389999389648438,27.170000076293945,27.389999389648438,27.261999130249023,400.0,27.214712142944336
2019-04-05,27.389999389648438,27.347000122070312,27.347000122070312,27.389999389648438,700.0,27.34248924255371
2019-04-08,27.420000076293945,27.368000030517578,27.399999618530273,27.368000030517578,800.0,27.320528030395508
2019-04-09,27.292999267578125,27.25,27.25,27.292999267578125,1500.0,27.24565887451172
2019-04-10,27.54199981689453,27.450000762939453,27.450000762939453,27.518999099731445,300.0,27.47126579284668
2019-04-11,27.434999465942383,27.34000015258789,27.350000381469727,27.343000411987305,500.0,27.29557228088379
2019-04-12,27.615999221801758,27.58799934387207,27.59000015258789,27.58799934387207,600.0,27.540145874023438
2019-04-15,27.545000076293945,27.496000289916992,27.545000076293945,27.496000289916992,100.0,27.448307037353516
2019-04-16,27.8799991607666,27.788000106811523,27.8799991607666,27.788000106811523,300.0,27.73979949951172
2019-04-17,28.070999145507812,27.985000610351562,28.0,28.070999145507812,800.0,28.022308349609375
2019-04-18,28.115999221801758,27.989999771118164,27.989999771118164,28.115999221801758,200.0,28.067230224609375
2019-04-22,27.93000030517578,27.860000610351562,27.860000610351562,27.867000579833984,4400.0,27.81866455078125
2019-04-23,28.082000732421875,28.065000534057617,28.065000534057617,28.082000732421875,700.0,28.03329086303711
2019-04-24,28.121000289916992,28.08099937438965,28.08099937438965,28.084999084472656,900.0,28.036283493041992
2019-04-25,28.229999542236328,28.229999542236328,28.229999542236328,28.229999542236328,100.0,28.181032180786133
2019-04-26,28.239999771118164,27.989999771118164,28.100000381469727,28.229000091552734,5500.0,28.180034637451172
2019-04-29,28.45800018310547,28.28499984741211,28.30299949645996,28.45800018310547,900.0,28.40863800048828
2019-04-30,28.68000030517578,28.472000122070312,28.559999465942383,28.472000122070312,1800.0,28.4226131439209
2019-05-01,28.600000381469727,28.422000885009766,28.5,28.422000885009766,1000.0,28.37270164489746
2019-05-02,28.475000381469727,28.357999801635742,28.420000076293945,28.357999801635742,400.0,28.30881118774414
2019-05-03,29.0,29.0,29.0,29.0,100.0,28.949697494506836
2019-05-06,28.59000015258789,28.479999542236328,28.479999542236328,28.572999954223633,1100.0,28.523439407348633
2019-05-07,28.107999801635742,28.020999908447266,28.107999801635742,28.020999908447266,200.0,27.972396850585938
2019-05-08,28.139999389648438,28.097000122070312,28.139999389648438,28.097000122070312,400.0,28.048263549804688
2019-05-09,27.610000610351562,27.268999099731445,27.33099937438965,27.597000122070312,1900.0,27.549131393432617
2019-05-10,27.63599967956543,27.63599967956543,27.63599967956543,27.63599967956543,100.0,27.588064193725586
2019-05-13,26.802000045776367,26.739999771118164,26.802000045776367,26.7450008392334,1500.0,26.698610305786133
2019-05-14,27.110000610351562,27.086000442504883,27.110000610351562,27.086000442504883,600.0,27.039018630981445
2019-05-15,27.149999618530273,26.90999984741211,26.90999984741211,27.143999099731445,300.0,27.09691619873047
2019-05-16,27.173999786376953,27.173999786376953,27.173999786376953,27.173999786376953,100.0,27.12686538696289
2019-05-17,26.725000381469727,26.518999099731445,26.700000762939453,26.518999099731445,3900.0,26.472999572753906
2019-05-20,26.0,25.913999557495117,26.0,25.913999557495117,300.0,25.869050979614258
2019-05-21,26.229999542236328,26.190000534057617,26.190000534057617,26.191999435424805,1800.0,26.146568298339844
2019-05-22,26.361000061035156,26.187999725341797,26.361000061035156,26.187999725341797,800.0,26.142574310302734
2019-05-23,25.74799919128418,25.670000076293945,25.690000534057617,25.74799919128418,1500.0,25.703338623046875
2019-05-24,25.868000030517578,25.850000381469727,25.850000381469727,25.868000030517578,200.0,25.823129653930664
2019-05-28,26.31999969482422,26.149999618530273,26.299999237060547,26.159000396728516,500.0,26.11362648010254
2019-05-29,25.899999618530273,25.700000762939453,25.899999618530273,25.80900001525879,4300.0,25.764232635498047
2019-05-30,25.871000289916992,25.868000030517578,25.868000030517578,25.871000289916992,100.0,25.826126098632812
2019-05-31,25.7549991607666,25.690000534057617,25.690000534057617,25.7549991607666,600.0,25.710325241088867
2019-06-03,25.549999237060547,25.5,25.5,25.545000076293945,500.0,25.500690460205078
2019-06-04,25.618000030517578,25.600000381469727,25.600000381469727,25.618000030517578,500.0,25.573564529418945
2019-06-05,25.676000595092773,25.59000015258789,25.59000015258789,25.676000595092773,400.0,25.6314640045166
2019-06-06,25.73699951171875,25.6299991607666,25.6299991607666,25.70400047302246,1000.0,25.65941619873047
2019-06-07,26.035999298095703,25.920000076293945,25.920000076293945,26.035999298095703,300.0,25.9908390045166
2019-06-10,26.420000076293945,26.280000686645508,26.280000686645508,26.28700065612793,1500.0,26.241403579711914
2019-06-11,26.731000900268555,26.719999313354492,26.719999313354492,26.729000091552734,3300.0,26.682636260986328
2019-06-12,26.624000549316406,26.610000610351562,26.610000610351562,26.624000549316406,200.0,26.57781982421875
2019-06-13,26.566999435424805,26.520000457763672,26.549999237060547,26.566999435424805,1000.0,26.520917892456055
2019-06-14,26.420000076293945,26.385000228881836,26.420000076293945,26.385000228881836,100.0,26.3392333984375
2019-06-17,26.527000427246094,26.459999084472656,26.459999084472656,26.527000427246094,200.0,26.480987548828125
2019-06-18,26.81999969482422,26.559999465942383,26.559999465942383,26.743000030517578,1100.0,26.696613311767578
2019-06-19,26.89699935913086,26.549999237060547,26.549999237060547,26.89699935913086,200.0,26.850345611572266
2019-06-20,27.285999298095703,27.131999969482422,27.285999298095703,27.131999969482422,500.0,27.084938049316406
2019-06-21,27.051000595092773,27.030000686645508,27.051000595092773,27.033000946044922,900.0,26.98611068725586
2019-06-24,26.77400016784668,26.77400016784668,26.77400016784668,26.77400016784668,100.0,26.72756004333496
2019-06-25,26.360000610351562,26.264999389648438,26.360000610351562,26.264999389648438,900.0,26.219440460205078
2019-06-26,26.361000061035156,26.35300064086914,26.35300064086914,26.361000061035156,200.0,26.315275192260742
2019-06-27,26.753000259399414,26.732999801635742,26.753000259399414,26.732999801635742,200.0,26.686630249023438
2019-06-28,26.889999389648438,26.780000686645508,26.889999389648438,26.81800079345703,1900.0,26.771484375
2019-07-01,27.290000915527344,27.17300033569336,27.290000915527344,27.17300033569336,700.0,27.12586784362793
2019-07-02,27.1200008392334,27.093000411987305,27.1200008392334,27.111000061035156,600.0,27.063974380493164
2019-07-03,27.180999755859375,27.180999755859375,27.180999755859375,27.180999755859375,100.0,27.133852005004883
2019-07-05,27.299999237060547,27.03499984741211,27.079999923706055,27.268999099731445,1700.0,27.221698760986328
2019-07-08,27.030000686645508,26.961000442504883,27.030000686645508,26.961000442504883,1500.0,26.914234161376953
2019-07-09,27.066999435424805,26.690000534057617,26.690000534057617,27.066999435424805,700.0,27.020050048828125
2019-07-10,27.187000274658203,27.1560001373291,27.1560001373291,27.187000274658203,300.0,27.139842987060547
2019-07-11,27.06999969482422,26.979999542236328,27.06999969482422,27.023000717163086,700.0,26.97612762451172
2019-07-12,26.899999618530273,26.81999969482422,26.885000228881836,26.881999969482422,1800.0,26.835371017456055
2019-07-15,27.08099937438965,27.045000076293945,27.049999237060547,27.08099937438965,400.0,27.034025192260742
2019-07-16,27.030000686645508,26.889999389648438,27.030000686645508,26.889999389648438,600.0,26.84335708618164
2019-07-17,27.132999420166016,27.058000564575195,27.132999420166016,27.058000564575195,200.0,27.011066436767578
2019-07-18,26.77400016784668,26.60300064086914,26.60300064086914,26.77400016784668,200.0,26.72756004333496
2019-07-19,26.940000534057617,26.80299949645996,26.93000030517578,26.80299949645996,700.0,26.756507873535156
2019-07-22,26.94099998474121,26.940000534057617,26.940000534057617,26.94099998474121,200.0,26.894269943237305
2019-07-23,27.101999282836914,26.950000762939453,26.950000762939453,27.101999282836914,900.0,27.054988861083984
2019-07-24,27.23900032043457,27.1200008392334,27.1200008392334,27.23900032043457,400.0,27.191753387451172
2019-07-25,27.200000762939453,27.09000015258789,27.200000762939453,27.09000015258789,200.0,27.043010711669922
2019-07-26,27.29400062561035,27.239999771118164,27.239999771118164,27.26799964904785,900.0,27.220701217651367
2019-07-29,27.5,27.389999389648438,27.5,27.47599983215332,400.0,27.428340911865234
2019-07-30,27.229999542236328,27.128000259399414,27.229999542236328,27.128000259399414,200.0,27.08094596862793
2019-07-31,27.21500015258789,26.972999572753906,27.190000534057617,26.972999572753906,500.0,26.92621421813965
2019-08-01,26.93199920654297,26.920000076293945,26.920000076293945,26.93199920654297,300.0,26.885284423828125
2019-08-02,26.618999481201172,26.618999481201172,26.618999481201172,26.618999481201172,800.0,26.57282829284668
2019-08-05,25.809999465942383,25.57699966430664,25.788000106811523,25.57699966430664,1300.0,25.532634735107422
2019-08-06,25.8799991607666,25.82900047302246,25.8799991607666,25.86400032043457,400.0,25.819137573242188
2019-08-07,26.042999267578125,25.65999984741211,25.65999984741211,26.042999267578125,600.0,25.997825622558594
2019-08-08,26.566999435424805,26.559999465942383,26.559999465942383,26.566999435424805,700.0,26.520917892456055
2019-08-09,26.26099967956543,26.26099967956543,26.26099967956543,26.26099967956543,200.0,26.2154483795166
2019-08-12,25.892000198364258,25.719999313354492,25.770000457763672,25.7549991607666,1800.0,25.710325241088867
2019-08-13,26.139999389648438,26.079999923706055,26.079999923706055,26.089000701904297,600.0,26.043746948242188
2019-08-14,25.5,25.229000091552734,25.5,25.229000091552734,600.0,25.185239791870117
2019-08-15,25.229999542236328,25.040000915527344,25.229999542236328,25.110000610351562,500.0,25.06644630432129
2019-08-16,25.479000091552734,25.399999618530273,25.399999618530273,25.479000091552734,100.0,25.434804916381836
2019-08-19,25.989999771118164,25.920000076293945,25.989999771118164,25.981000900268555,600.0,25.935935974121094
2019-08-20,26.239999771118164,25.97100067138672,25.97100067138672,26.232999801635742,400.0,26.187498092651367
2019-08-21,26.760000228881836,26.6299991607666,26.6299991607666,26.698999404907227,4300.0,26.65268898010254
2019-08-22,26.347999572753906,26.239999771118164,26.239999771118164,26.347999572753906,200.0,26.302297592163086
2019-08-23,26.299999237060547,25.893999099731445,26.299999237060547,25.893999099731445,1700.0,25.849084854125977
2019-08-26,26.031999588012695,26.031999588012695,26.031999588012695,26.031999588012695,100.0,25.986845016479492
2019-08-27,26.209999084472656,25.88800048828125,26.209999084472656,25.88800048828125,200.0,25.843095779418945
2019-08-28,25.798999786376953,25.783000946044922,25.798999786376953,25.783000946044922,100.0,25.738279342651367
2019-08-29,26.219999313354492,26.08799934387207,26.08799934387207,26.204999923706055,700.0,26.1595458984375
2019-08-30,26.36400032043457,26.2810001373291,26.2810001373291,26.36400032043457,200.0,26.318269729614258
2019-09-03,26.149999618530273,26.011999130249023,26.149999618530273,26.011999130249023,1500.0,25.966880798339844
2019-09-04,26.39900016784668,26.389999389648438,26.389999389648438,26.39900016784668,200.0,26.35321044921875
2019-09-05,26.8799991607666,26.878999710083008,26.8799991607666,26.878999710083008,1100.0,26.83237648010254
2019-09-06,26.990999221801758,26.990999221801758,26.990999221801758,26.990999221801758,200.0,26.944181442260742
2019-09-09,27.049999237060547,26.843000411987305,27.049999237060547,26.843000411987305,400.0,26.79644012451172
2019-09-10,26.57699966430664,26.57699966430664,26.57699966430664,26.57699966430664,0.0,26.530900955200195
2019-09-11,26.975000381469727,26.920000076293945,26.920000076293945,26.975000381469727,100.0,26.928211212158203
2019-09-12,27.180999755859375,27.180999755859375,27.180999755859375,27.180999755859375,0.0,27.133852005004883
2019-09-13,27.139999389648438,27.131999969482422,27.139999389648438,27.136999130249023,500.0,27.089927673339844
2019-09-16,26.878999710083008,26.878999710083008,26.878999710083008,26.878999710083008,200.0,26.83237648010254
2019-09-17,27.0049991607666,27.0049991607666,27.0049991607666,27.0049991607666,0.0,26.95815658569336
2019-09-18,26.809999465942383,26.809999465942383,26.809999465942383,26.809999465942383,500.0,26.76349639892578
2019-09-19,26.84000015258789,26.84000015258789,26.84000015258789,26.84000015258789,0.0,26.793445587158203
2019-09-20,26.84000015258789,26.781999588012695,26.84000015258789,26.781999588012695,400.0,26.735544204711914
2019-09-23,26.67099952697754,26.559999465942383,26.559999465942383,26.586000442504883,2300.0,26.539886474609375
2019-09-24,26.690000534057617,26.302000045776367,26.690000534057617,26.302000045776367,500.0,26.256378173828125
2019-09-25,26.319000244140625,26.049999237060547,26.049999237060547,26.319000244140625,100.0,26.273347854614258
2019-09-26,26.309999465942383,26.25,26.309999465942383,26.27400016784668,300.0,26.228425979614258
2019-09-27,26.35099983215332,25.75,26.270000457763672,25.875999450683594,2800.0,25.83111572265625
2019-09-30,26.079999923706055,26.049999237060547,26.079999923706055,26.065000534057617,1400.0,26.01978874206543
2019-10-01,26.010000228881836,25.8700008392334,26.010000228881836,25.915000915527344,500.0,25.87005043029785
2019-10-02,25.663000106811523,25.59000015258789,25.59000015258789,25.663000106811523,300.0,25.618486404418945
2019-10-03,25.840999603271484,25.639999389648438,25.639999389648438,25.840999603271484,300.0,25.79617691040039
2019-10-04,26.187999725341797,26.030000686645508,26.030000686645508,26.187999725341797,100.0,26.142574310302734
2019-10-07,26.1299991607666,26.05500030517578,26.06999969482422,26.05500030517578,300.0,26.00980567932129
2019-10-08,25.709999084472656,25.55900001525879,25.709999084472656,25.55900001525879,700.0,25.514665603637695
2019-10-09,25.763999938964844,25.700000762939453,25.700000762939453,25.763999938964844,900.0,25.719310760498047
2019-10-10,25.7450008392334,25.7450008392334,25.7450008392334,25.7450008392334,0.0,25.70034408569336
2019-10-11,26.107999801635742,25.966999053955078,26.059999465942383,25.972000122070312,500.0,25.926950454711914
2019-10-14,25.940000534057617,25.89900016784668,25.940000534057617,25.89900016784668,900.0,25.854076385498047
2019-10-15,26.270000457763672,25.969999313354492,25.969999313354492,26.253000259399414,1900.0,26.207462310791016
2019-10-16,26.381999969482422,26.309999465942383,26.312000274658203,26.381999969482422,200.0,26.336238861083984
2019-10-17,26.614999771118164,26.614999771118164,26.614999771118164,26.614999771118164,0.0,26.56883430480957
2019-10-18,26.579999923706055,26.259000778198242,26.579999923706055,26.259000778198242,700.0,26.21345329284668
2019-10-21,26.5,26.43899917602539,26.479999542236328,26.43899917602539,600.0,26.393138885498047
2019-10-22,26.575000762939453,26.481000900268555,26.510000228881836,26.481000900268555,500.0,26.435068130493164
2019-10-23,26.513999938964844,26.513999938964844,26.513999938964844,26.513999938964844,0.0,26.46800994873047
2019-10-24,26.715999603271484,26.579999923706055,26.579999923706055,26.715999603271484,100.0,26.669658660888672
2019-10-25,26.979999542236328,26.8700008392334,26.8700008392334,26.95199966430664,600.0,26.905250549316406
2019-10-28,27.200000762939453,27.1299991607666,27.1299991607666,27.190000534057617,900.0,27.142837524414062
2019-10-29,27.062999725341797,27.062999725341797,27.062999725341797,27.062999725341797,0.0,27.01605796813965
2019-10-30,27.05500030517578,26.959999084472656,26.959999084472656,27.05500030517578,200.0,27.008071899414062
2019-10-31,26.708999633789062,26.708999633789062,26.708999633789062,26.708999633789062,0.0,26.66267204284668
2019-11-01,26.808000564575195,26.808000564575195,26.808000564575195,26.808000564575195,0.0,26.76150131225586
2019-11-04,27.049999237060547,26.969999313354492,26.969999313354492,27.01799964904785,500.0,26.97113609313965
2019-11-05,26.933000564575195,26.933000564575195,26.933000564575195,26.933000564575195,0.0,26.88628387451172
2019-11-06,26.90999984741211,26.804000854492188,26.90999984741211,26.820999145507812,1700.0,26.774477005004883
2019-11-07,27.040000915527344,26.979999542236328,27.040000915527344,26.979999542236328,200.0,26.93320083618164
2019-11-08,26.753999710083008,26.719999313354492,26.753999710083008,26.719999313354492,200.0,26.67365264892578
2019-11-11,26.649999618530273,26.489999771118164,26.489999771118164,26.649999618530273,400.0,26.60377311706543
2019-11-12,26.520999908447266,26.520999908447266,26.520999908447266,26.520999908447266,0.0,26.474998474121094
2019-11-13,26.357999801635742,26.357999801635742,26.357999801635742,26.357999801635742,0.0,26.312280654907227
2019-11-14,26.21500015258789,26.209999084472656,26.209999084472656,26.21500015258789,900.0,26.16952896118164
2019-11-15,26.364999771118164,26.290000915527344,26.364999771118164,26.290000915527344,700.0,26.244400024414062
2019-11-18,26.309999465942383,26.264999389648438,26.309999465942383,26.264999389648438,1100.0,26.219440460205078
2019-11-19,26.290000915527344,26.281999588012695,26.290000915527344,26.281999588012695,100.0,26.236412048339844
2019-11-20,26.360000610351562,26.288000106811523,26.360000610351562,26.288000106811523,200.0,26.242403030395508
2019-11-21,26.374000549316406,26.309999465942383,26.309999465942383,26.374000549316406,100.0,26.3282527923584
2019-11-22,26.4060001373291,26.280000686645508,26.280000686645508,26.4060001373291,200.0,26.360197067260742
2019-11-25,26.740999221801758,26.469999313354492,26.469999313354492,26.73699951171875,800.0,26.690622329711914
2019-11-26,26.8439998626709,26.75,26.75,26.8439998626709,100.0,26.79743766784668
2019-11-27,27.030000686645508,26.93000030517578,26.93000030517578,27.030000686645508,700.0,26.983116149902344
2019-11-29,26.989999771118164,26.969999313354492,26.989999771118164,26.969999313354492,600.0,26.9232177734375
2019-12-02,26.825000762939453,26.709999084472656,26.709999084472656,26.825000762939453,500.0,26.778470993041992
2019-12-03,26.868000030517578,26.649999618530273,26.649999618530273,26.868000030517578,300.0,26.821395874023438
2019-12-04,27.030000686645508,27.030000686645508,27.030000686645508,27.030000686645508,0.0,26.983116149902344
2019-12-05,27.035999298095703,26.950000762939453,26.950000762939453,27.035999298095703,200.0,26.989103317260742
2019-12-06,27.200000762939453,27.18000030517578,27.190000534057617,27.200000762939453,500.0,27.152820587158203
2019-12-09,26.96299934387207,26.96299934387207,26.96299934387207,26.96299934387207,0.0,26.916231155395508
2019-12-10,26.969999313354492,26.90999984741211,26.90999984741211,26.969999313354492,200.0,26.9232177734375
2019-12-11,27.069000244140625,26.950000762939453,26.950000762939453,27.069000244140625,100.0,27.02204704284668
2019-12-12,27.18199920654297,27.139999389648438,27.139999389648438,27.18199920654297,100.0,27.134851455688477
2019-12-13,27.447999954223633,27.399999618530273,27.440000534057617,27.447999954223633,1300.0,27.400390625
2019-12-16,27.743000030517578,27.743000030517578,27.743000030517578,27.743000030517578,100.0,27.69487762451172
2019-12-17,27.812000274658203,27.812000274658203,27.812000274658203,27.812000274658203,100.0,27.76375961303711
2019-12-18,27.805999755859375,27.780000686645508,27.805999755859375,27.78499984741211,400.0,27.736804962158203
2019-12-19,27.739999771118164,27.725000381469727,27.739999771118164,27.725000381469727,100.0,27.676910400390625
2019-12-20,27.8439998626709,27.8439998626709,27.8439998626709,27.8439998626709,100.0,27.79570198059082
2019-12-23,27.91200065612793,27.91200065612793,27.91200065612793,27.91200065612793,200.0,27.86358642578125
2019-12-24,28.025999069213867,28.0,28.0,28.025999069213867,800.0,27.977386474609375
2019-12-26,28.231000900268555,28.231000900268555,28.231000900268555,28.231000900268555,100.0,28.18203353881836
2019-12-27,28.290000915527344,28.249000549316406,28.290000915527344,28.249000549316406,200.0,28.200000762939453
2019-12-30,28.139999389648438,27.983999252319336,28.139999389648438,27.983999252319336,200.0,27.983999252319336
2019-12-31,28.174999237060547,28.174999237060547,28.174999237060547,28.174999237060547,100.0,28.174999237060547
2020-01-02,28.639999389648438,28.56599998474121,28.56599998474121,28.639999389648438,200.0,28.639999389648438
2020-01-03,28.584999084472656,28.514999389648438,28.584999084472656,28.52199935913086,900.0,28.52199935913086
2020-01-06,28.410999298095703,28.410999298095703,28.410999298095703,28.410999298095703,100.0,28.410999298095703
2020-01-07,28.621999740600586,28.621999740600586,28.621999740600586,28.621999740600586,0.0,28.621999740600586
2020-01-08,28.566999435424805,28.479999542236328,28.479999542236328,28.566999435424805,100.0,28.566999435424805
2020-01-09,28.808000564575195,28.808000564575195,28.808000564575195,28.808000564575195,100.0,28.808000564575195
2020-01-10,28.78700065612793,28.73900032043457,28.78700065612793,28.73900032043457,200.0,28.73900032043457
2020-01-13,29.273000717163086,29.273000717163086,29.273000717163086,29.273000717163086,100.0,29.273000717163086
2020-01-14,29.097000122070312,29.06999969482422,29.06999969482422,29.097000122070312,200.0,29.097000122070312
2020-01-15,29.11199951171875,29.06999969482422,29.11199951171875,29.06999969482422,200.0,29.06999969482422
2020-01-16,29.31399917602539,29.149999618530273,29.149999618530273,29.31399917602539,100.0,29.31399917602539
2020-01-17,29.447999954223633,29.292999267578125,29.447999954223633,29.292999267578125,300.0,29.292999267578125
2020-01-21,28.68199920654297,28.510000228881836,28.510000228881836,28.68199920654297,300.0,28.68199920654297
2020-01-22,28.829999923706055,28.57900047302246,28.829999923706055,28.57900047302246,100.0,28.57900047302246
2020-01-23,28.566999435424805,28.389999389648438,28.389999389648438,28.566999435424805,1300.0,28.566999435424805
2020-01-24,28.007999420166016,28.007999420166016,28.007999420166016,28.007999420166016,100.0,28.007999420166016
2020-01-27,27.299999237060547,27.2189998626709,27.299999237060547,27.2189998626709,300.0,27.2189998626709
2020-01-28,27.57200050354004,27.57200050354004,27.57200050354004,27.57200050354004,100.0,27.57200050354004
2020-01-29,27.70800018310547,27.60700035095215,27.70800018310547,27.60700035095215,100.0,27.60700035095215
2020-01-30,27.506000518798828,27.360000610351562,27.3799991607666,27.506000518798828,400.0,27.506000518798828
2020-01-31,27.06999969482422,27.06999969482422,27.06999969482422,27.06999969482422,100.0,27.06999969482422
2020-02-03,27.329999923706055,27.266000747680664,27.329999923706055,27.266000747680664,200.0,27.266000747680664
2020-02-04,27.95800018310547,27.95800018310547,27.95800018310547,27.95800018310547,100.0,27.95800018310547
2020-02-05,28.016000747680664,28.016000747680664,28.016000747680664,28.016000747680664,100.0,28.016000747680664
2020-02-06,28.075000762939453,28.058000564575195,28.075000762939453,28.058000564575195,100.0,28.058000564575195
2020-02-07,27.663999557495117,27.663999557495117,27.663999557495117,27.663999557495117,0.0,27.663999557495117
2020-02-10,27.81599998474121,27.81599998474121,27.81599998474121,27.81599998474121,100.0,27.81599998474121
2020-02-11,28.472999572753906,28.312000274658203,28.329999923706055,28.381000518798828,700.0,28.381000518798828
2020-02-12,28.822999954223633,28.763999938964844,28.763999938964844,28.819000244140625,1300.0,28.819000244140625
2020-02-13,28.68899917602539,28.590999603271484,28.618000030517578,28.590999603271484,700.0,28.590999603271484
2020-02-14,28.549999237060547,28.375,28.4689998626709,28.440000534057617,3900.0,28.440000534057617
2020-02-18,28.260000228881836,28.0,28.260000228881836,28.009000778198242,3500.0,28.009000778198242
2020-02-19,28.36199951171875,28.280000686645508,28.280000686645508,28.34600067138672,4000.0,28.34600067138672
2020-02-20,28.100000381469727,27.950000762939453,28.100000381469727,28.06599998474121,1400.0,28.06599998474121
2020-02-21,27.81999969482422,27.80699920654297,27.81999969482422,27.80699920654297,500.0,27.80699920654297
2020-02-24,26.64900016784668,26.5,26.639999389648438,26.565000534057617,4200.0,26.565000534057617
2020-02-25,26.284000396728516,25.908000946044922,26.270000457763672,25.908000946044922,1100.0,25.908000946044922
2020-02-26,26.360000610351562,25.950000762939453,26.299999237060547,25.950000762939453,900.0,25.950000762939453
2020-02-27,25.68000030517578,25.020000457763672,25.3799991607666,25.156999588012695,4600.0,25.156999588012695
2020-02-28,25.090999603271484,24.450000762939453,24.450000762939453,25.090999603271484,1000.0,25.090999603271484
2020-03-02,25.697999954223633,25.19499969482422,25.3700008392334,25.697999954223633,2000.0,25.697999954223633
2020-03-03,28.260000228881836,25.304000854492188,28.260000228881836,25.304000854492188,1400.0,25.304000854492188
2020-03-04,26.121999740600586,26.121999740600586,26.121999740600586,26.121999740600586,100.0,26.121999740600586
2020-03-05,25.847000122070312,25.7549991607666,25.780000686645508,25.847000122070312,600.0,25.847000122070312
2020-03-06,25.233999252319336,25.086000442504883,25.086000442504883,25.233999252319336,100.0,25.233999252319336
2020-03-09,23.71299934387207,23.25,23.25,23.386999130249023,5000.0,23.386999130249023
2020-03-10,24.099000930786133,24.079999923706055,24.079999923706055,24.099000930786133,200.0,24.099000930786133
2020-03-11,23.010000228881836,22.600000381469727,23.010000228881836,22.663999557495117,2900.0,22.663999557495117
2020-03-12,20.56999969482422,20.0939998626709,20.509000778198242,20.42799949645996,2500.0,20.42799949645996
2020-03-13,21.048999786376953,20.469999313354492,20.90999984741211,21.048999786376953,800.0,21.048999786376953
2020-03-16,19.75,18.56999969482422,18.56999969482422,19.108999252319336,1400.0,19.108999252319336
2020-03-17,20.1299991607666,19.329999923706055,19.329999923706055,20.1299991607666,700.0,20.1299991607666
2020-03-18,19.57900047302246,19.341999053955078,19.469999313354492,19.341999053955078,1000.0,19.341999053955078
2020-03-19,19.639999389648438,19.334999084472656,19.3799991607666,19.531999588012695,1100.0,19.531999588012695
2020-03-20,19.44099998474121,19.44099998474121,19.44099998474121,19.44099998474121,100.0,19.44099998474121
2020-03-23,19.510000228881836,19.413000106811523,19.510000228881836,19.43000030517578,1300.0,19.43000030517578
2020-03-24,21.18000030517578,20.809999465942383,20.809999465942383,21.152999877929688,2200.0,21.152999877929688
2020-03-25,21.780000686645508,21.167999267578125,21.167999267578125,21.64699935913086,2300.0,21.64699935913086
2020-03-26,22.30299949645996,21.850000381469727,21.850000381469727,22.30299949645996,2300.0,22.30299949645996
2020-03-27,21.729999542236328,21.440000534057617,21.5,21.590999603271484,1400.0,21.590999603271484
2020-03-30,21.750999450683594,21.600000381469727,21.600000381469727,21.750999450683594,1200.0,21.750999450683594
2020-03-31,22.030000686645508,21.649999618530273,22.030000686645508,21.71500015258789,1500.0,21.71500015258789
2020-04-01,21.395000457763672,21.14900016784668,21.260000228881836,21.14900016784668,1600.0,21.14900016784668
2020-04-02,21.1299991607666,20.899999618530273,21.100000381469727,21.1299991607666,1300.0,21.1299991607666
2020-04-03,20.959999084472656,20.64299964904785,20.959999084472656,20.759000778198242,800.0,20.759000778198242
2020-04-06,22.097000122070312,21.639999389648438,21.639999389648438,22.097000122070312,4600.0,22.097000122070312
2020-04-07,23.09000015258789,22.45800018310547,23.059999465942383,22.45800018310547,3700.0,22.45800018310547
2020-04-08,22.87700080871582,22.64900016784668,22.64900016784668,22.87700080871582,2600.0,22.87700080871582
2020-04-09,23.8700008392334,23.5,23.8700008392334,23.562000274658203,1500.0,23.562000274658203
2020-04-13,23.530000686645508,23.22599983215332,23.530000686645508,23.506999969482422,2400.0,23.506999969482422
2020-04-14,24.40999984741211,24.079999923706055,24.079999923706055,24.284000396728516,1600.0,24.284000396728516
2020-04-15,24.200000762939453,23.860000610351562,24.030000686645508,24.176000595092773,6000.0,24.176000595092773
2020-04-16,24.77899932861328,24.559999465942383,24.57900047302246,24.76099967956543,1800.0,24.76099967956543
2020-04-17,25.02899932861328,24.850000381469727,25.0,25.02199935913086,3400.0,25.02199935913086
2020-04-20,25.415000915527344,24.93000030517578,24.93000030517578,25.040000915527344,4900.0,25.040000915527344
2020-04-21,24.670000076293945,24.239999771118164,24.670000076293945,24.45400047302246,3200.0,24.45400047302246
2020-04-22,25.18000030517578,25.0,25.0,25.167999267578125,3400.0,25.167999267578125
2020-04-23,25.358999252319336,24.90999984741211,25.25,24.996000289916992,3100.0,24.996000289916992
2020-04-24,25.253999710083008,25.190000534057617,25.190000534057617,25.253999710083008,700.0,25.253999710083008
2020-04-27,25.83799934387207,25.57900047302246,25.610000610351562,25.83799934387207,2500.0,25.83799934387207
2020-04-28,26.59000015258789,26.084999084472656,26.59000015258789,26.201000213623047,1900.0,26.201000213623047
2020-04-29,27.014999389648438,26.850000381469727,26.850000381469727,26.985000610351562,1900.0,26.985000610351562
2020-04-30,26.790000915527344,26.459999084472656,26.790000915527344,26.538000106811523,9200.0,26.538000106811523
2020-05-01,26.270000457763672,25.655000686645508,26.270000457763672,25.7450008392334,3700.0,25.7450008392334
2020-05-04,26.023000717163086,25.739999771118164,25.739999771118164,26.023000717163086,800.0,26.023000717163086
2020-05-05,26.5,26.222000122070312,26.399999618530273,26.222000122070312,5900.0,26.222000122070312
2020-05-06,27.06999969482422,26.809999465942383,26.809999465942383,26.989999771118164,3400.0,26.989999771118164
2020-05-07,28.100000381469727,27.895000457763672,28.100000381469727,27.972999572753906,5200.0,27.972999572753906
2020-05-08,28.67099952697754,28.350000381469727,28.350000381469727,28.67099952697754,3500.0,28.67099952697754
2020-05-11,29.339000701904297,28.899999618530273,28.950000762939453,29.339000701904297,2100.0,29.339000701904297
2020-05-12,29.489999771118164,29.059999465942383,29.440000534057617,29.059999465942383,3300.0,29.059999465942383
2020-05-13,29.125999450683594,28.530000686645508,29.0,28.704999923706055,3900.0,28.704999923706055
2020-05-14,28.56800079345703,28.049999237060547,28.049999237060547,28.56800079345703,2100.0,28.56800079345703
2020-05-15,28.551000595092773,28.260000228881836,28.260000228881836,28.551000595092773,2600.0,28.551000595092773
2020-05-18,29.459999084472656,29.229999542236328,29.229999542236328,29.35099983215332,4200.0,29.35099983215332
2020-05-19,29.475000381469727,29.100000381469727,29.100000381469727,29.125,2700.0,29.125
2020-05-20,29.989999771118164,29.63800048828125,29.860000610351562,29.767000198364258,4600.0,29.767000198364258
2020-05-21,29.979999542236328,29.7450008392334,29.959999084472656,29.812999725341797,5600.0,29.812999725341797
2020-05-22,30.031999588012695,29.950000762939453,30.020000457763672,30.031999588012695,800.0,30.031999588012695
2020-05-26,31.270000457763672,31.045000076293945,31.139999389648438,31.045000076293945,11400.0,31.045000076293945
2020-05-27,30.790000915527344,30.34000015258789,30.790000915527344,30.729999542236328,2300.0,30.729999542236328
2020-05-28,30.989999771118164,30.650999069213867,30.93000030517578,30.650999069213867,10900.0,30.650999069213867
2020-05-29,31.240999221801758,30.649999618530273,30.770000457763672,31.240999221801758,2800.0,31.240999221801758
2020-06-01,32.112998962402344,31.69499969482422,31.69499969482422,32.112998962402344,1900.0,32.112998962402344
2020-06-02,32.540000915527344,32.26900100708008,32.27000045776367,32.540000915527344,5800.0,32.540000915527344
2020-06-03,33.189998626708984,32.7400016784668,32.7400016784668,33.11600112915039,7400.0,33.11600112915039
2020-06-04,32.849998474121094,32.61399841308594,32.65999984741211,32.61399841308594,24400.0,32.61399841308594
2020-06-05,33.387001037597656,33.28499984741211,33.30500030517578,33.28499984741211,1000.0,33.28499984741211
2020-06-08,33.380001068115234,33.058998107910156,33.22999954223633,33.36199951171875,4700.0,33.36199951171875
2020-06-09,33.244998931884766,33.0,33.0,33.215999603271484,1800.0,33.215999603271484
2020-06-10,33.39899826049805,33.18000030517578,33.39899826049805,33.24800109863281,7400.0,33.24800109863281
2020-06-11,32.45000076293945,31.420000076293945,32.18000030517578,31.485000610351562,11700.0,31.485000610351562
2020-06-12,32.439998626708984,31.600000381469727,32.279998779296875,32.08000183105469,5300.0,32.08000183105469
2020-06-15,32.400001525878906,31.270000457763672,31.270000457763672,32.34299850463867,6200.0,32.34299850463867
2020-06-16,33.439998626708984,32.869998931884766,33.439998626708984,32.91999816894531,3000.0,32.91999816894531
2020-06-17,33.790000915527344,33.50899887084961,33.595001220703125,33.534000396728516,7300.0,33.534000396728516
2020-06-18,33.84000015258789,33.54999923706055,33.54999923706055,33.72700119018555,4600.0,33.72700119018555
2020-06-19,34.25,33.85900115966797,34.209999084472656,33.85900115966797,1900.0,33.85900115966797
2020-06-22,34.46799850463867,34.130001068115234,34.25,34.441001892089844,10500.0,34.441001892089844
2020-06-23,35.060001373291016,34.80799865722656,34.8849983215332,34.80799865722656,2900.0,34.80799865722656
2020-06-24,34.915000915527344,34.0,34.79999923706055,34.28200149536133,8300.0,34.28200149536133
2020-06-25,34.85900115966797,34.2400016784668,34.2400016784668,34.85900115966797,7800.0,34.85900115966797
2020-06-26,34.310001373291016,33.904998779296875,34.310001373291016,33.904998779296875,6000.0,33.904998779296875
2020-06-29,34.060001373291016,33.540000915527344,33.849998474121094,34.02899932861328,5600.0,34.02899932861328
2020-06-30,34.178001403808594,33.974998474121094,34.0,34.178001403808594,10900.0,34.178001403808594
2020-07-01,34.689998626708984,34.433998107910156,34.45000076293945,34.64099884033203,6100.0,34.64099884033203
2020-07-02,35.33599853515625,35.029998779296875,35.029998779296875,35.10599899291992,3700.0,35.10599899291992
2020-07-06,35.92599868774414,35.44499969482422,35.79999923706055,35.62300109863281,5400.0,35.62300109863281
2020-07-07,35.625,35.310001373291016,35.45000076293945,35.33000183105469,6400.0,35.33000183105469
2020-07-08,36.125,35.52000045776367,35.52000045776367,36.125,3200.0,36.125
2020-07-09,36.79800033569336,36.1349983215332,36.52000045776367,36.58000183105469,9500.0,36.58000183105469
2020-07-10,36.88999938964844,36.470001220703125,36.88999938964844,36.680999755859375,11000.0,36.680999755859375
2020-07-13,37.04999923706055,35.76599884033203,36.650001525878906,35.76599884033203,6200.0,35.76599884033203
2020-07-14,35.689998626708984,34.95000076293945,35.36000061035156,35.689998626708984,27000.0,35.689998626708984
2020-07-15,36.4900016784668,35.959999084472656,36.45000076293945,36.3380012512207,4700.0,36.3380012512207
2020-07-16,35.779998779296875,35.5880012512207,35.709999084472656,35.611000061035156,13500.0,35.611000061035156
2020-07-17,35.72999954223633,35.52000045776367,35.72999954223633,35.70100021362305,2300.0,35.70100021362305
2020-07-20,36.297000885009766,35.79999923706055,35.810001373291016,36.297000885009766,27500.0,36.297000885009766
2020-07-21,36.98899841308594,36.72800064086914,36.959999084472656,36.72800064086914,1200.0,36.72800064086914
2020-07-22,36.7400016784668,36.48500061035156,36.6150016784668,36.72600173950195,3100.0,36.72600173950195
2020-07-23,36.790000915527344,36.064998626708984,36.630001068115234,36.16600036621094,3500.0,36.16600036621094
2020-07-24,35.72999954223633,35.2599983215332,35.5,35.72999954223633,3800.0,35.72999954223633
2020-07-27,36.42599868774414,35.9900016784668,35.9900016784668,36.42599868774414,3700.0,36.42599868774414
2020-07-28,36.569000244140625,36.3849983215332,36.4900016784668,36.38800048828125,3400.0,36.38800048828125
2020-07-29,36.909000396728516,36.63999938964844,36.70800018310547,36.79399871826172,3200.0,36.79399871826172
2020-07-30,37.143001556396484,36.290000915527344,36.290000915527344,37.090999603271484,2300.0,37.090999603271484
2020-07-31,37.38999938964844,37.04999923706055,37.22999954223633,37.38999938964844,3300.0,37.38999938964844
2020-08-03,38.95000076293945,37.880001068115234,37.880001068115234,38.94499969482422,19100.0,38.94499969482422
2020-08-04,39.275001525878906,38.33000183105469,39.0,38.56399917602539,10800.0,38.56399917602539
2020-08-05,39.375,38.93000030517578,38.93000030517578,39.29800033569336,9000.0,39.29800033569336
2020-08-06,39.68000030517578,39.189998626708984,39.68000030517578,39.57699966430664,13400.0,39.57699966430664
2020-08-07,39.654998779296875,39.27000045776367,39.27000045776367,39.58100128173828,11400.0,39.58100128173828
2020-08-10,39.880001068115234,39.04999923706055,39.880001068115234,39.474998474121094,11000.0,39.474998474121094
2020-08-11,39.42900085449219,38.7400016784668,39.290000915527344,38.7400016784668,8600.0,38.7400016784668
2020-08-12,38.763999938964844,38.380001068115234,38.540000915527344,38.71200180053711,10000.0,38.71200180053711
2020-08-13,39.310001373291016,38.97999954223633,39.16999816894531,38.98099899291992,7600.0,38.98099899291992
2020-08-14,39.279998779296875,38.5,38.5,38.97600173950195,3200.0,38.97600173950195
2020-08-17,39.729000091552734,39.560001373291016,39.66999816894531,39.71900177001953,2900.0,39.71900177001953
2020-08-18,40.50899887084961,40.1150016784668,40.34000015258789,40.42900085449219,3800.0,40.42900085449219
2020-08-19,40.61000061035156,40.17300033569336,40.61000061035156,40.17300033569336,3300.0,40.17300033569336
2020-08-20,40.04600143432617,39.630001068115234,39.630001068115234,40.04600143432617,1800.0,40.04600143432617
2020-08-21,40.029998779296875,39.79399871826172,39.90999984741211,40.029998779296875,2400.0,40.029998779296875
2020-08-24,40.560001373291016,40.060001373291016,40.560001373291016,40.21200180053711,4700.0,40.21200180053711
2020-08-25,40.433998107910156,40.111000061035156,40.111000061035156,40.41600036621094,11300.0,40.41600036621094
2020-08-26,40.5989990234375,40.37900161743164,40.45000076293945,40.46900177001953,6900.0,40.46900177001953
2020-08-27,40.470001220703125,39.95500183105469,40.470001220703125,40.154998779296875,5100.0,40.154998779296875
2020-08-28,40.189998626708984,39.90999984741211,39.90999984741211,40.1619987487793,2900.0,40.1619987487793
2020-08-31,40.40999984741211,40.099998474121094,40.31999969482422,40.2400016784668,8400.0,40.2400016784668
2020-09-01,41.439998626708984,41.06999969482422,41.06999969482422,41.3849983215332,3500.0,41.3849983215332
2020-09-02,41.5,40.880001068115234,41.5,41.34700012207031,7800.0,41.34700012207031
2020-09-03,40.790000915527344,39.470001220703125,40.790000915527344,39.720001220703125,13700.0,39.720001220703125
2020-09-04,39.470001220703125,38.04999923706055,39.470001220703125,39.22700119018555,12700.0,39.22700119018555
2020-09-08,39.290000915527344,38.650001525878906,38.84000015258789,38.888999938964844,19100.0,38.888999938964844
2020-09-09,39.290000915527344,39.12900161743164,39.150001525878906,39.26900100708008,3900.0,39.26900100708008
2020-09-10,39.28499984741211,38.65999984741211,39.25,38.66600036621094,2600.0,38.66600036621094
2020-09-11,38.89400100708008,38.36000061035156,38.89400100708008,38.56399917602539,1900.0,38.56399917602539
2020-09-14,39.13800048828125,38.90999984741211,38.90999984741211,39.119998931884766,1500.0,39.119998931884766
2020-09-15,39.709999084472656,39.45000076293945,39.709999084472656,39.54899978637695,4500.0,39.54899978637695
2020-09-16,40.15999984741211,39.755001068115234,40.15999984741211,39.80400085449219,1900.0,39.80400085449219
2020-09-17,39.9370002746582,39.65999984741211,39.779998779296875,39.9370002746582,1400.0,39.9370002746582
2020-09-18,39.970001220703125,39.91400146484375,39.970001220703125,39.91400146484375,1800.0,39.91400146484375
2020-09-21,39.58300018310547,38.676998138427734,38.974998474121094,39.58300018310547,4900.0,39.58300018310547
2020-09-22,39.80799865722656,39.400001525878906,39.650001525878906,39.80799865722656,2400.0,39.80799865722656
2020-09-23,40.18000030517578,39.619998931884766,40.18000030517578,39.63800048828125,5100.0,39.63800048828125
2020-09-24,39.290000915527344,38.790000915527344,38.790000915527344,39.12900161743164,4200.0,39.12900161743164
2020-09-25,39.66600036621094,39.349998474121094,39.349998474121094,39.66600036621094,3500.0,39.66600036621094
2020-09-28,40.18000030517578,39.95000076293945,40.18000030517578,40.11399841308594,2400.0,40.11399841308594
2020-09-29,40.68000030517578,40.5890007019043,40.61000061035156,40.5890007019043,3800.0,40.5890007019043
2020-09-30,40.81800079345703,40.63999938964844,40.63999938964844,40.81399917602539,1600.0,40.81399917602539
2020-10-01,41.29199981689453,40.970001220703125,40.970001220703125,41.29199981689453,2900.0,41.29199981689453
2020-10-02,41.36000061035156,41.119998931884766,41.119998931884766,41.185001373291016,4800.0,41.185001373291016
2020-10-05,41.69900131225586,41.45000076293945,41.619998931884766,41.69200134277344,5300.0,41.69200134277344
2020-10-06,41.93000030517578,41.43600082397461,41.93000030517578,41.43600082397461,2200.0,41.43600082397461
2020-10-07,42.349998474121094,42.0099983215332,42.0099983215332,42.310001373291016,2900.0,42.310001373291016
2020-10-08,42.624000549316406,42.400001525878906,42.400001525878906,42.595001220703125,3100.0,42.595001220703125
2020-10-09,43.54999923706055,43.2400016784668,43.2400016784668,43.34199905395508,2600.0,43.34199905395508
2020-10-12,44.32899856567383,43.904998779296875,43.939998626708984,44.2400016784668,5100.0,44.2400016784668
2020-10-13,44.20000076293945,43.779998779296875,43.97999954223633,44.14699935913086,3900.0,44.14699935913086
2020-10-14,44.310001373291016,43.7599983215332,44.220001220703125,43.944000244140625,4400.0,43.944000244140625
2020-10-15,43.70100021362305,43.11000061035156,43.11000061035156,43.70100021362305,2800.0,43.70100021362305
2020-10-16,44.44499969482422,44.25600051879883,44.29499816894531,44.25600051879883,1600.0,44.25600051879883
2020-10-19,44.43899917602539,44.03499984741211,44.25,44.058998107910156,3600.0,44.058998107910156
2020-10-20,44.93000030517578,44.54999923706055,44.81999969482422,44.553001403808594,5700.0,44.553001403808594
2020-10-21,44.83000183105469,44.2599983215332,44.83000183105469,44.49100112915039,2900.0,44.49100112915039
2020-10-22,44.224998474121094,43.7599983215332,44.119998931884766,44.01499938964844,2500.0,44.01499938964844
2020-10-23,43.83700180053711,43.52000045776367,43.599998474121094,43.83700180053711,1200.0,43.83700180053711
2020-10-26,43.13999938964844,42.7599983215332,43.13999938964844,42.93600082397461,1800.0,42.93600082397461
2020-10-27,43.310001373291016,43.119998931884766,43.20000076293945,43.25299835205078,2800.0,43.25299835205078
2020-10-28,42.619998931884766,42.25,42.4900016784668,42.45800018310547,2700.0,42.45800018310547
2020-10-29,42.88399887084961,42.630001068115234,42.630001068115234,42.88399887084961,3000.0,42.88399887084961
2020-10-30,42.33000183105469,41.529998779296875,42.33000183105469,41.6150016784668,7200.0,41.6150016784668
2020-11-02,42.189998626708984,41.91999816894531,42.00299835205078,42.108001708984375,1500.0,42.108001708984375
2020-11-03,42.790000915527344,42.65999984741211,42.65999984741211,42.750999450683594,600.0,42.750999450683594
2020-11-04,44.2400016784668,43.54999923706055,43.63999938964844,44.20899963378906,10800.0,44.20899963378906
2020-11-05,45.909000396728516,45.3849983215332,45.5,45.880001068115234,1800.0,45.880001068115234
2020-11-06,46.42900085449219,46.0,46.0,46.3489990234375,6300.0,46.3489990234375
2020-11-09,46.209999084472656,45.18600082397461,46.209999084472656,45.18600082397461,4500.0,45.18600082397461
2020-11-10,44.0,43.05699920654297,44.0,43.28200149536133,5400.0,43.28200149536133
2020-11-11,44.209999084472656,44.029998779296875,44.04999923706055,44.17900085449219,4400.0,44.17900085449219
2020-11-12,44.9900016784668,44.374000549316406,44.810001373291016,44.374000549316406,2500.0,44.374000549316406
2020-11-13,45.444000244140625,45.119998931884766,45.119998931884766,45.444000244140625,4800.0,45.444000244140625
2020-11-16,45.47999954223633,45.20000076293945,45.20000076293945,45.38999938964844,2400.0,45.38999938964844
2020-11-17,45.349998474121094,45.0,45.2400016784668,45.345001220703125,4800.0,45.345001220703125
2020-11-18,45.63999938964844,45.27899932861328,45.400001525878906,45.45199966430664,3900.0,45.45199966430664
2020-11-19,46.52000045776367,45.439998626708984,45.439998626708984,46.52000045776367,6900.0,46.52000045776367
2020-11-20,47.33000183105469,46.86000061035156,46.86000061035156,47.32500076293945,6200.0,47.32500076293945
2020-11-23,48.0,47.400001525878906,47.849998474121094,47.970001220703125,11400.0,47.970001220703125
2020-11-24,48.43000030517578,47.900001525878906,48.22999954223633,48.43000030517578,7000.0,48.43000030517578
2020-11-25,49.22999954223633,47.959999084472656,47.959999084472656,49.104000091552734,98600.0,49.104000091552734
2020-11-27,50.15999984741211,49.650001525878906,50.15999984741211,49.770999908447266,20400.0,49.770999908447266
2020-11-30,49.5099983215332,48.4900016784668,49.47999954223633,48.84000015258789,11700.0,48.84000015258789
2020-12-01,49.4900016784668,48.720001220703125,49.4900016784668,48.74700164794922,8800.0,48.74700164794922
2020-12-02,49.0880012512207,47.900001525878906,48.29999923706055,49.0880012512207,10900.0,49.0880012512207
2020-12-03,49.83000183105469,49.470001220703125,49.72999954223633,49.56999969482422,7200.0,49.56999969482422
2020-12-04,49.70399856567383,49.27000045776367,49.630001068115234,49.375,4300.0,49.375
2020-12-07,49.45000076293945,49.00299835205078,49.08000183105469,49.04399871826172,10400.0,49.04399871826172
2020-12-08,49.7400016784668,49.34000015258789,49.38999938964844,49.72700119018555,4700.0,49.72700119018555
2020-12-09,49.95000076293945,48.7599983215332,49.95000076293945,48.91999816894531,9000.0,48.91999816894531
2020-12-10,50.0,48.58000183105469,48.58000183105469,50.0,6200.0,50.0
2020-12-11,50.38999938964844,49.76900100708008,50.0,50.111000061035156,6200.0,50.111000061035156
2020-12-14,50.44499969482422,50.13999938964844,50.44499969482422,50.18899917602539,8900.0,50.18899917602539
2020-12-15,50.21500015258789,49.85900115966797,49.970001220703125,50.084999084472656,4400.0,50.084999084472656
2020-12-16,50.70899963378906,50.04999923706055,50.11899948120117,50.617000579833984,9800.0,50.617000579833984
2020-12-17,51.03900146484375,50.84700012207031,50.97999954223633,50.946998596191406,4500.0,50.946998596191406
2020-12-18,51.48500061035156,50.88999938964844,50.88999938964844,51.275001525878906,5300.0,51.275001525878906
2020-12-21,51.16899871826172,50.5099983215332,50.5099983215332,51.060001373291016,5600.0,51.060001373291016
2020-12-22,51.143001556396484,50.599998474121094,50.77000045776367,51.143001556396484,12200.0,51.143001556396484
2020-12-23,51.470001220703125,51.0099983215332,51.470001220703125,51.06399917602539,6000.0,51.06399917602539
2020-12-24,51.2599983215332,50.810001373291016,51.150001525878906,51.02799987792969,4300.0,51.02799987792969
2020-12-28,50.9900016784668,49.63999938964844,50.9900016784668,49.93000030517578,10500.0,49.93000030517578
2020-12-29,50.96699905395508,50.5,50.82400131225586,50.821998596191406,4700.0,50.821998596191406
2020-12-30,52.06999969482422,51.36000061035156,51.36000061035156,51.854000091552734,10300.0,51.854000091552734
2020-12-31,51.91999816894531,51.189998626708984,51.91999816894531,51.316001892089844,6100.0,51.316001892089844
2021-01-04,52.0099983215332,50.63999938964844,52.0099983215332,50.91299819946289,4700.0,50.91299819946289
2021-01-05,52.40999984741211,51.41299819946289,51.95100021362305,52.382999420166016,6300.0,52.382999420166016
2021-01-06,51.939998626708984,51.198001861572266,51.849998474121094,51.198001861572266,10100.0,51.198001861572266
2021-01-07,51.97999954223633,51.43000030517578,51.43000030517578,51.915000915527344,3100.0,51.915000915527344
2021-01-08,52.75,52.150001525878906,52.58000183105469,52.68899917602539,8600.0,52.68899917602539
2021-01-11,51.99599838256836,51.41999816894531,51.52000045776367,51.79100036621094,9400.0,51.79100036621094
2021-01-12,53.11000061035156,52.16999816894531,52.16999816894531,53.03799819946289,10600.0,53.03799819946289
2021-01-13,53.619998931884766,52.720001220703125,53.119998931884766,53.244998931884766,7300.0,53.244998931884766
2021-01-14,53.505001068115234,53.34000015258789,53.47999954223633,53.34000015258789,5300.0,53.34000015258789
2021-01-15,52.86000061035156,52.279998779296875,52.86000061035156,52.483001708984375,37600.0,52.483001708984375
2021-01-19,52.9119987487793,52.47999954223633,52.720001220703125,52.9119987487793,13100.0,52.9119987487793
2021-01-20,53.810001373291016,53.439998626708984,53.61000061035156,53.76100158691406,6900.0,53.76100158691406
2021-01-21,54.82899856567383,54.125,54.380001068115234,54.82899856567383,5700.0,54.82899856567383
2021-01-22,55.22999954223633,54.38999938964844,54.38999938964844,55.18000030517578,24600.0,55.18000030517578
2021-01-25,56.244998931884766,54.959999084472656,56.08000183105469,55.53200149536133,19000.0,55.53200149536133
2021-01-26,55.4900016784668,54.97999954223633,55.4900016784668,55.138999938964844,5600.0,55.138999938964844
2021-01-27,54.95500183105469,53.34000015258789,54.040000915527344,53.86199951171875,9600.0,53.86199951171875
2021-01-28,54.70000076293945,54.22999954223633,54.22999954223633,54.39099884033203,10400.0,54.39099884033203
2021-01-29,53.76499938964844,53.11000061035156,53.66999816894531,53.11000061035156,5900.0,53.11000061035156
2021-02-01,54.71900177001953,53.970001220703125,54.130001068115234,54.71200180053711,15800.0,54.71200180053711
2021-02-02,55.810001373291016,55.22999954223633,55.810001373291016,55.792999267578125,24900.0,55.792999267578125
2021-02-03,56.849998474121094,56.43000030517578,56.470001220703125,56.63199996948242,22000.0,56.63199996948242
2021-02-04,57.617000579833984,56.83000183105469,56.83000183105469,57.617000579833984,7000.0,57.617000579833984
2021-02-05,58.38999938964844,57.900001525878906,58.310001373291016,58.38800048828125,15500.0,58.38800048828125
2021-02-08,58.75,58.380001068115234,58.75,58.62699890136719,10300.0,58.62699890136719
2021-02-09,59.7599983215332,59.0,59.0,59.5989990234375,19400.0,59.5989990234375
2021-02-10,60.79499816894531,59.2599983215332,60.40999984741211,60.08000183105469,16800.0,60.08000183105469
2021-02-11,61.07899856567383,60.35300064086914,60.54999923706055,60.95800018310547,7500.0,60.95800018310547
2021-02-12,61.41999816894531,60.5,61.0,61.290000915527344,21700.0,61.290000915527344
2021-02-16,62.40999984741211,61.7400016784668,62.349998474121094,61.93899917602539,24900.0,61.93899917602539
2021-02-17,61.970001220703125,60.790000915527344,61.970001220703125,61.37799835205078,15400.0,61.37799835205078
2021-02-18,60.75,59.849998474121094,60.61000061035156,60.483001708984375,15700.0,60.483001708984375
2021-02-19,61.435001373291016,60.709999084472656,60.709999084472656,61.178001403808594,3800.0,61.178001403808594
2021-02-22,60.459999084472656,59.65999984741211,60.31999969482422,59.689998626708984,22400.0,59.689998626708984
2021-02-23,58.630001068115234,56.0,58.18000030517578,58.46900177001953,30400.0,58.46900177001953
2021-02-24,58.560001373291016,57.64500045776367,58.22999954223633,58.44599914550781,14000.0,58.44599914550781
2021-02-25,59.150001525878906,56.77000045776367,58.61000061035156,56.94900131225586,9000.0,56.94900131225586
2021-02-26,57.209999084472656,55.86899948120117,56.630001068115234,56.900001525878906,8000.0,56.900001525878906
2021-03-01,58.11899948120117,57.54999923706055,57.88999938964844,58.11000061035156,8300.0,58.11000061035156
2021-03-02,57.970001220703125,57.0,57.970001220703125,57.00600051879883,5500.0,57.00600051879883
2021-03-03,56.86000061035156,55.310001373291016,56.86000061035156,55.654998779296875,9600.0,55.654998779296875
2021-03-04,55.28200149536133,52.91999816894531,55.150001525878906,53.60100173950195,32300.0,53.60100173950195
2021-03-05,53.599998474121094,51.18000030517578,53.13999938964844,53.09000015258789,18100.0,53.09000015258789
2021-03-08,52.659000396728516,51.08599853515625,52.314998626708984,51.08599853515625,23200.0,51.08599853515625
2021-03-09,54.22999954223633,52.95000076293945,53.0,54.000999450683594,15700.0,54.000999450683594
2021-03-10,54.43000030517578,53.14500045776367,54.43000030517578,53.400001525878906,2700.0,53.400001525878906
2021-03-11,55.900001525878906,54.904998779296875,55.06999969482422,55.89099884033203,30300.0,55.89099884033203
2021-03-12,55.361000061035156,54.59000015258789,54.790000915527344,55.361000061035156,18600.0,55.361000061035156
2021-03-15,56.499000549316406,55.59000015258789,55.59000015258789,56.49100112915039,4800.0,56.49100112915039
2021-03-16,57.494998931884766,56.4900016784668,57.22999954223633,56.76599884033203,8900.0,56.76599884033203
2021-03-17,57.2400016784668,55.63999938964844,55.63999938964844,57.19900131225586,1800.0,57.19900131225586
2021-03-18,56.41999816894531,55.5099983215332,56.34000015258789,55.57500076293945,11900.0,55.57500076293945
2021-03-19,56.242000579833984,55.540000915527344,55.83000183105469,56.242000579833984,6700.0,56.242000579833984
2021-03-22,56.36000061035156,55.74300003051758,56.36000061035156,55.74300003051758,8200.0,55.74300003051758
2021-03-23,54.80099868774414,54.380001068115234,54.779998779296875,54.479000091552734,11900.0,54.479000091552734
2021-03-24,53.810001373291016,51.566001892089844,53.790000915527344,51.566001892089844,14600.0,51.566001892089844
2021-03-25,51.58000183105469,50.959999084472656,51.13999938964844,51.45600128173828,37800.0,51.45600128173828
2021-03-26,52.79499816894531,51.099998474121094,52.27000045776367,52.27299880981445,52300.0,52.27299880981445
2021-03-29,52.099998474121094,51.25,51.970001220703125,51.36399841308594,16900.0,51.36399841308594
2021-03-30,51.959999084472656,51.0099983215332,51.16999816894531,51.821998596191406,40500.0,51.821998596191406
2021-03-31,52.78900146484375,52.685001373291016,52.78900146484375,52.685001373291016,10000.0,52.685001373291016
2021-04-01,54.472999572753906,53.79999923706055,53.79999923706055,54.472999572753906,19600.0,54.472999572753906
2021-04-05,54.7400016784668,54.04999923706055,54.7400016784668,54.189998626708984,28500.0,54.189998626708984
2021-04-06,54.7599983215332,53.61000061035156,53.81999969482422,54.52000045776367,20900.0,54.52000045776367
2021-04-07,54.349998474121094,54.01499938964844,54.290000915527344,54.04999923706055,12500.0,54.04999923706055
2021-04-08,54.630001068115234,54.290000915527344,54.5099983215332,54.4010009765625,37700.0,54.4010009765625
2021-04-09,54.34600067138672,54.060001373291016,54.22999954223633,54.34600067138672,14400.0,54.34600067138672
2021-04-12,53.849998474121094,53.16999816894531,53.560001373291016,53.198001861572266,8300.0,53.198001861572266
2021-04-13,54.29999923706055,53.81999969482422,53.83000183105469,54.19300079345703,34900.0,54.19300079345703
2021-04-14,54.560001373291016,53.87300109863281,54.560001373291016,53.87300109863281,20000.0,53.87300109863281
2021-04-15,54.22999954223633,53.65999984741211,54.220001220703125,53.834999084472656,34400.0,53.834999084472656
2021-04-16,53.8849983215332,53.55099868774414,53.849998474121094,53.88199996948242,3500.0,53.88199996948242
2021-04-19,53.959999084472656,53.290000915527344,53.7400016784668,53.4119987487793,14400.0,53.4119987487793
2021-04-20,52.9900016784668,51.869998931884766,52.959999084472656,52.20500183105469,37100.0,52.20500183105469
2021-04-21,52.67599868774414,51.599998474121094,51.599998474121094,52.67599868774414,4000.0,52.67599868774414
2021-04-22,53.57500076293945,52.959999084472656,52.959999084472656,53.00899887084961,2200.0,53.00899887084961
2021-04-23,54.290000915527344,53.150001525878906,53.150001525878906,54.19900131225586,17900.0,54.19900131225586
2021-04-26,54.6510009765625,53.93000030517578,53.93000030517578,54.6510009765625,4700.0,54.6510009765625
2021-04-27,54.779998779296875,54.47999954223633,54.779998779296875,54.70199966430664,9300.0,54.70199966430664
2021-04-28,55.54999923706055,54.72999954223633,54.72999954223633,55.279998779296875,1300.0,55.279998779296875
2021-04-29,55.54999923706055,54.0,55.54999923706055,54.38999938964844,5200.0,54.38999938964844
2021-04-30,54.06999969482422,53.534000396728516,53.869998931884766,53.534000396728516,8600.0,53.534000396728516
2021-05-03,54.016998291015625,53.44300079345703,53.86000061035156,53.44300079345703,2400.0,53.44300079345703
2021-05-04,52.54999923706055,51.5,52.54999923706055,51.94300079345703,19500.0,51.94300079345703
2021-05-05,52.31999969482422,51.72999954223633,52.31999969482422,51.827999114990234,8100.0,51.827999114990234
2021-05-06,51.33000183105469,50.72999954223633,51.22999954223633,51.24300003051758,26000.0,51.24300003051758
2021-05-07,52.34000015258789,51.849998474121094,51.880001068115234,51.96500015258789,9500.0,51.96500015258789
2021-05-10,51.22999954223633,49.93000030517578,51.22999954223633,50.292999267578125,124300.0,50.292999267578125
2021-05-11,50.02000045776367,48.209999084472656,48.2400016784668,49.84000015258789,29600.0,49.84000015258789
2021-05-12,48.959999084472656,48.86009979248047,49.040000915527344,48.93899917602539,7970.0,48.93899917602539
